pair_id,channel_name,short_video_id,long_video_id,short_duration_sec,long_duration_sec,long_title,short_languages,long_languages,chosen_language,language_choice_reason,short_cue_count,long_cue_count,alignment_status,coverage,mean_match_score,predicted_start,predicted_end,predicted_start_time,predicted_end_time,source_span,segment_count,backward_jumps,span_verdict,span_ratio,accept,needs_gemini
MID001,BDNS,deaqIYxGIuY,lFbfMG7vbyo,50,981,"[오당기] 주호민과 함께 오지 않는 김치찜을 기다리며(주펄, 상남자, 대인배, 웹툰 작가, 슬램덩크, 신과 함께, 하이볼 제조법)","aa,ab,af,ak,am,ar,as,ay,az,ba,be,bg,bho,bn,bo,br,bs,ca,ceb,co,crs,cs,cy,da,de,dv,dz,ee,el,en,eo,es,et,eu,fa,fi,fil,fj,fo,fr,fy,ga,gaa,gd,gl,gn,gu,gv,ha,haw,hi,hmn,hr,ht,hu,hy,id,ig,is,it,iu,iw,ja,jv,ka,kha,kk,kl,km,kn,ko,ko-orig,kri,ku,ky,la,lb,lg,ln,lo,lt,lua,luo,lv,mfe,mg,mi,mk,ml,mn,mr,ms,mt,my,ne,new,nl,no,nso,ny,oc,om,or,os,pa,pam,pl,ps,pt,pt-PT,qu,rn,ro,ru,rw,sa,sd,sg,si,sk,sl,sm,sn,so,sq,sr,ss,st,su,sv,sw,ta,te,tg,th,ti,tk,tn,to,tr,ts,tt,tum,ug,uk,ur,uz,ve,vi,war,wo,xh,yi,yo,zh-Hans,zh-Hant,zu","aa,ab,af,ak,am,ar,as,ay,az,ba,be,bg,bho,bn,bo,br,bs,ca,ceb,co,crs,cs,cy,da,de,dv,dz,ee,el,en,eo,es,et,eu,fa,fi,fil,fj,fo,fr,fy,ga,gaa,gd,gl,gn,gu,gv,ha,haw,hi,hmn,hr,ht,hu,hy,id,ig,is,it,iu,iw,ja,jv,ka,kha,kk,kl,km,kn,ko,ko-orig,kri,ku,ky,la,lb,lg,ln,lo,lt,lua,luo,lv,mfe,mg,mi,mk,ml,mn,mr,ms,mt,my,ne,new,nl,no,nso,ny,oc,om,or,os,pa,pam,pl,ps,pt,pt-PT,qu,rn,ro,ru,rw,sa,sd,sg,si,sk,sl,sm,sn,so,sq,sr,ss,st,su,sv,sw,ta,te,tg,th,ti,tk,tn,to,tr,ts,tt,tum,ug,uk,ur,uz,ve,vi,war,wo,xh,yi,yo,zh-Hans,zh-Hant,zu",ko-orig,preference_order,18,347,heavy_edit,1.0,91.68,455.58,737.299,07:35.580,12:17.299,281.719,2,0,span_implausible,5.634,0,1
MID002,BDNS,wouDQTllpfs,YwwjT_-xxR0,59,17225,뭐라도 하는 문이병의 군인 vlog 5시간 몰아보기,"aa,ab,af,ak,am,ar,as,ay,az,ba,be,bg,bho,bn,bo,br,bs,ca,ceb,co,crs,cs,cy,da,de,dv,dz,ee,el,en,eo,es,et,eu,fa,fi,fil,fj,fo,fr,fy,ga,gaa,gd,gl,gn,gu,gv,ha,haw,hi,hmn,hr,ht,hu,hy,id,ig,is,it,iu,iw,ja,jv,ka,kha,kk,kl,km,kn,ko,ko-orig,kri,ku,ky,la,lb,lg,ln,lo,lt,lua,luo,lv,mfe,mg,mi,mk,ml,mn,mr,ms,mt,my,ne,new,nl,no,nso,ny,oc,om,or,os,pa,pam,pl,ps,pt,pt-PT,qu,rn,ro,ru,rw,sa,sd,sg,si,sk,sl,sm,sn,so,sq,sr,ss,st,su,sv,sw,ta,te,tg,th,ti,tk,tn,to,tr,ts,tt,tum,ug,uk,ur,uz,ve,vi,war,wo,xh,yi,yo,zh-Hans,zh-Hant,zu","aa,ab,af,ak,am,ar,as,ay,az,ba,be,bg,bho,bn,bo,br,bs,ca,ceb,co,crs,cs,cy,da,de,dv,dz,ee,el,en,eo,es,et,eu,fa,fi,fil,fj,fo,fr,fy,ga,gaa,gd,gl,gn,gu,gv,ha,haw,hi,hmn,hr,ht,hu,hy,id,ig,is,it,iu,iw,ja,jv,ka,kha,kk,kl,km,kn,ko,ko-orig,kri,ku,ky,la,lb,lg,ln,lo,lt,lua,luo,lv,mfe,mg,mi,mk,ml,mn,mr,ms,mt,my,ne,new,nl,no,nso,ny,oc,om,or,os,pa,pam,pl,ps,pt,pt-PT,qu,rn,ro,ru,rw,sa,sd,sg,si,sk,sl,sm,sn,so,sq,sr,ss,st,su,sv,sw,ta,te,tg,th,ti,tk,tn,to,tr,ts,tt,tum,ug,uk,ur,uz,ve,vi,war,wo,xh,yi,yo,zh-Hans,zh-Hant,zu",ko-orig,preference_order,21,5248,continuous,1.0,75.71,749.32,815.399,12:29.320,13:35.399,66.079,1,0,plausible,1.12,1,0
MID003,BDNS,Dn5VpQtfM2c,UR2D-8RTh4Q,58,1024,"[오당기] 김다미와 함께 오지 않는 프로슈토 피자를 기다리며 (내향형 인간, 학창시절, 집순이 루틴, 담다디, 강변가요제, 올인, 아파트 야시장, 선물교환, 소울메이트)","aa,ab,af,ak,am,ar,as,ay,az,ba,be,bg,bho,bn,bo,br,bs,ca,ceb,co,crs,cs,cy,da,de,dv,dz,ee,el,en,eo,es,et,eu,fa,fi,fil,fj,fo,fr,fy,ga,gaa,gd,gl,gn,gu,gv,ha,haw,hi,hmn,hr,ht,hu,hy,id,ig,is,it,iu,iw,ja,jv,ka,kha,kk,kl,km,kn,ko,ko-orig,kri,ku,ky,la,lb,lg,ln,lo,lt,lua,luo,lv,mfe,mg,mi,mk,ml,mn,mr,ms,mt,my,ne,new,nl,no,nso,ny,oc,om,or,os,pa,pam,pl,ps,pt,pt-PT,qu,rn,ro,ru,rw,sa,sd,sg,si,sk,sl,sm,sn,so,sq,sr,ss,st,su,sv,sw,ta,te,tg,th,ti,tk,tn,to,tr,ts,tt,tum,ug,uk,ur,uz,ve,vi,war,wo,xh,yi,yo,zh-Hans,zh-Hant,zu","aa,ab,af,ak,am,ar,as,ay,az,ba,be,bg,bho,bn,bo,br,bs,ca,ceb,co,crs,cs,cy,da,de,dv,dz,ee,el,en,eo,es,et,eu,fa,fi,fil,fj,fo,fr,fy,ga,gaa,gd,gl,gn,gu,gv,ha,haw,hi,hmn,hr,ht,hu,hy,id,ig,is,it,iu,iw,ja,jv,ka,kha,kk,kl,km,kn,ko,ko-orig,kri,ku,ky,la,lb,lg,ln,lo,lt,lua,luo,lv,mfe,mg,mi,mk,ml,mn,mr,ms,mt,my,ne,new,nl,no,nso,ny,oc,om,or,os,pa,pam,pl,ps,pt,pt-PT,qu,rn,ro,ru,rw,sa,sd,sg,si,sk,sl,sm,sn,so,sq,sr,ss,st,su,sv,sw,ta,te,tg,th,ti,tk,tn,to,tr,ts,tt,tum,ug,uk,ur,uz,ve,vi,war,wo,xh,yi,yo,zh-Hans,zh-Hant,zu",ko-orig,preference_order,15,370,continuous,1.0,91.49,304.979,346.5,05:04.979,05:46.500,41.521,1,0,plausible,0.716,1,0
MID004,BDNS,7897ufDS5Is,P-qjWtLKEwE,59,1078,[홈비디오]Post Show Blues(공연 후 우울) 극복하는 법!,"aa,ab,af,ak,am,ar,as,ay,az,ba,be,bg,bho,bn,bo,br,bs,ca,ceb,co,crs,cs,cy,da,de,dv,dz,ee,el,en,eo,es,et,eu,fa,fi,fil,fj,fo,fr,fy,ga,gaa,gd,gl,gn,gu,gv,ha,haw,hi,hmn,hr,ht,hu,hy,id,ig,is,it,iu,iw,ja,jv,ka,kha,kk,kl,km,kn,ko,ko-orig,kri,ku,ky,la,lb,lg,ln,lo,lt,lua,luo,lv,mfe,mg,mi,mk,ml,mn,mr,ms,mt,my,ne,new,nl,no,nso,ny,oc,om,or,os,pa,pam,pl,ps,pt,pt-PT,qu,rn,ro,ru,rw,sa,sd,sg,si,sk,sl,sm,sn,so,sq,sr,ss,st,su,sv,sw,ta,te,tg,th,ti,tk,tn,to,tr,ts,tt,tum,ug,uk,ur,uz,ve,vi,war,wo,xh,yi,yo,zh-Hans,zh-Hant,zu","aa,ab,af,ak,am,ar,as,ay,az,ba,be,bg,bho,bn,bo,br,bs,ca,ceb,co,crs,cs,cy,da,de,dv,dz,ee,el,en,eo,es,et,eu,fa,fi,fil,fj,fo,fr,fy,ga,gaa,gd,gl,gn,gu,gv,ha,haw,hi,hmn,hr,ht,hu,hy,id,ig,is,it,iu,iw,ja,jv,ka,kha,kk,kl,km,kn,ko,ko-orig,kri,ku,ky,la,lb,lg,ln,lo,lt,lua,luo,lv,mfe,mg,mi,mk,ml,mn,mr,ms,mt,my,ne,new,nl,no,nso,ny,oc,om,or,os,pa,pam,pl,ps,pt,pt-PT,qu,rn,ro,ru,rw,sa,sd,sg,si,sk,sl,sm,sn,so,sq,sr,ss,st,su,sv,sw,ta,te,tg,th,ti,tk,tn,to,tr,ts,tt,tum,ug,uk,ur,uz,ve,vi,war,wo,xh,yi,yo,zh-Hans,zh-Hant,zu",ko-orig,preference_order,24,241,insufficient_alignment,0.0,,,,,,,,,unknown,,0,1
MID005,BDNS,nHabKWtzJ44,Yrdo4y6C25s,53,162,[문쌤] J들이 보면 대노하는 영상,"aa,ab,af,ak,am,ar,as,ay,az,ba,be,bg,bho,bn,bo,br,bs,ca,ceb,co,crs,cs,cy,da,de,dv,dz,ee,el,en,eo,es,et,eu,fa,fi,fil,fj,fo,fr,fy,ga,gaa,gd,gl,gn,gu,gv,ha,haw,hi,hmn,hr,ht,hu,hy,id,ig,is,it,iu,iw,ja,jv,ka,kha,kk,kl,km,kn,ko,ko-orig,kri,ku,ky,la,lb,lg,ln,lo,lt,lua,luo,lv,mfe,mg,mi,mk,ml,mn,mr,ms,mt,my,ne,new,nl,no,nso,ny,oc,om,or,os,pa,pam,pl,ps,pt,pt-PT,qu,rn,ro,ru,rw,sa,sd,sg,si,sk,sl,sm,sn,so,sq,sr,ss,st,su,sv,sw,ta,te,tg,th,ti,tk,tn,to,tr,ts,tt,tum,ug,uk,ur,uz,ve,vi,war,wo,xh,yi,yo,zh-Hans,zh-Hant,zu","aa,ab,af,ak,am,ar,as,ay,az,ba,be,bg,bho,bn,bo,br,bs,ca,ceb,co,crs,cs,cy,da,de,dv,dz,ee,el,en,eo,es,et,eu,fa,fi,fil,fj,fo,fr,fy,ga,gaa,gd,gl,gn,gu,gv,ha,haw,hi,hmn,hr,ht,hu,hy,id,ig,is,it,iu,iw,ja,jv,ka,kha,kk,kl,km,kn,ko,ko-orig,kri,ku,ky,la,lb,lg,ln,lo,lt,lua,luo,lv,mfe,mg,mi,mk,ml,mn,mr,ms,mt,my,ne,new,nl,no,nso,ny,oc,om,or,os,pa,pam,pl,ps,pt,pt-PT,qu,rn,ro,ru,rw,sa,sd,sg,si,sk,sl,sm,sn,so,sq,sr,ss,st,su,sv,sw,ta,te,tg,th,ti,tk,tn,to,tr,ts,tt,tum,ug,uk,ur,uz,ve,vi,war,wo,xh,yi,yo,zh-Hans,zh-Hant,zu",ko-orig,preference_order,27,66,light_edit,0.9437,77.91,56.64,110.27,00:56.640,01:50.270,53.63,2,0,plausible,1.012,1,0
MID006,BDNS,9-d5puHUO9M,475dCgzjNyE,45,386,너 내가 1분에 얼마 버는지 알아?,"aa,ab,af,ak,am,ar,as,ay,az,ba,be,bg,bho,bn,bo,br,bs,ca,ceb,co,crs,cs,cy,da,de,dv,dz,ee,el,en,eo,es,et,eu,fa,fi,fil,fj,fo,fr,fy,ga,gaa,gd,gl,gn,gu,gv,ha,haw,hi,hmn,hr,ht,hu,hy,id,ig,is,it,iu,iw,ja,jv,ka,kha,kk,kl,km,kn,ko,ko-orig,kri,ku,ky,la,lb,lg,ln,lo,lt,lua,luo,lv,mfe,mg,mi,mk,ml,mn,mr,ms,mt,my,ne,new,nl,no,nso,ny,oc,om,or,os,pa,pam,pl,ps,pt,pt-PT,qu,rn,ro,ru,rw,sa,sd,sg,si,sk,sl,sm,sn,so,sq,sr,ss,st,su,sv,sw,ta,te,tg,th,ti,tk,tn,to,tr,ts,tt,tum,ug,uk,ur,uz,ve,vi,war,wo,xh,yi,yo,zh-Hans,zh-Hant,zu","aa,ab,af,ak,am,ar,as,ay,az,ba,be,bg,bho,bn,bo,br,bs,ca,ceb,co,crs,cs,cy,da,de,dv,dz,ee,el,en,eo,es,et,eu,fa,fi,fil,fj,fo,fr,fy,ga,gaa,gd,gl,gn,gu,gv,ha,haw,hi,hmn,hr,ht,hu,hy,id,ig,is,it,iu,iw,ja,jv,ka,kha,kk,kl,km,kn,ko,ko-orig,kri,ku,ky,la,lb,lg,ln,lo,lt,lua,luo,lv,mfe,mg,mi,mk,ml,mn,mr,ms,mt,my,ne,new,nl,no,nso,ny,oc,om,or,os,pa,pam,pl,ps,pt,pt-PT,qu,rn,ro,ru,rw,sa,sd,sg,si,sk,sl,sm,sn,so,sq,sr,ss,st,su,sv,sw,ta,te,tg,th,ti,tk,tn,to,tr,ts,tt,tum,ug,uk,ur,uz,ve,vi,war,wo,xh,yi,yo,zh-Hans,zh-Hant,zu",ko-orig,preference_order,23,113,heavy_edit,0.9677,85.23,49.02,105.84,00:49.020,01:45.840,56.82,3,1,plausible,1.263,0,0
MID007,BDNS,M4tdH9WM9jA,OqGTzxl9dVc,32,60,상훈이 엄마 장경자 매드무비,"aa,ab,af,ak,am,ar,as,ay,az,ba,be,bg,bho,bn,bo,br,bs,ca,ceb,co,crs,cs,cy,da,de,dv,dz,ee,el,en,eo,es,et,eu,fa,fi,fil,fj,fo,fr,fy,ga,gaa,gd,gl,gn,gu,gv,ha,haw,hi,hmn,hr,ht,hu,hy,id,ig,is,it,iu,iw,ja,jv,ka,kha,kk,kl,km,kn,ko,ko-orig,kri,ku,ky,la,lb,lg,ln,lo,lt,lua,luo,lv,mfe,mg,mi,mk,ml,mn,mr,ms,mt,my,ne,new,nl,no,nso,ny,oc,om,or,os,pa,pam,pl,ps,pt,pt-PT,qu,rn,ro,ru,rw,sa,sd,sg,si,sk,sl,sm,sn,so,sq,sr,ss,st,su,sv,sw,ta,te,tg,th,ti,tk,tn,to,tr,ts,tt,tum,ug,uk,ur,uz,ve,vi,war,wo,xh,yi,yo,zh-Hans,zh-Hant,zu","aa,ab,af,ak,am,ar,as,ay,az,ba,be,bg,bho,bn,bo,br,bs,ca,ceb,co,crs,cs,cy,da,de,dv,dz,ee,el,en,eo,es,et,eu,fa,fi,fil,fj,fo,fr,fy,ga,gaa,gd,gl,gn,gu,gv,ha,haw,hi,hmn,hr,ht,hu,hy,id,ig,is,it,iu,iw,ja,jv,ka,kha,kk,kl,km,kn,ko,ko-orig,kri,ku,ky,la,lb,lg,ln,lo,lt,lua,luo,lv,mfe,mg,mi,mk,ml,mn,mr,ms,mt,my,ne,new,nl,no,nso,ny,oc,om,or,os,pa,pam,pl,ps,pt,pt-PT,qu,rn,ro,ru,rw,sa,sd,sg,si,sk,sl,sm,sn,so,sq,sr,ss,st,su,sv,sw,ta,te,tg,th,ti,tk,tn,to,tr,ts,tt,tum,ug,uk,ur,uz,ve,vi,war,wo,xh,yi,yo,zh-Hans,zh-Hant,zu",ko-orig,preference_order,5,23,heavy_edit,1.0,60.0,0.75,54.37,00:00.750,00:54.370,53.62,2,0,span_long_review,1.676,0,0
MID008,BDNS,PY3YiviECBU,dYr0QASwhTs,58,956,"[복학생 vlog] 이별 15일차💔 후유증 브이로그(홀로서기, 인스타 염탐, 돌싱글즈, 좋니 레전드 커버, 카톡 읽씹 차단, 재회 주파수, 찌니꾸 돌아와)",,"aa,ab,af,ak,am,ar,as,ay,az,ba,be,bg,bho,bn,bo,br,bs,ca,ceb,co,crs,cs,cy,da,de,dv,dz,ee,el,en,eo,es,et,eu,fa,fi,fil,fj,fo,fr,fy,ga,gaa,gd,gl,gn,gu,gv,ha,haw,hi,hmn,hr,ht,hu,hy,id,ig,is,it,iu,iw,ja,jv,ka,kha,kk,kl,km,kn,ko,ko-orig,kri,ku,ky,la,lb,lg,ln,lo,lt,lua,luo,lv,mfe,mg,mi,mk,ml,mn,mr,ms,mt,my,ne,new,nl,no,nso,ny,oc,om,or,os,pa,pam,pl,ps,pt,pt-PT,qu,rn,ro,ru,rw,sa,sd,sg,si,sk,sl,sm,sn,so,sq,sr,ss,st,su,sv,sw,ta,te,tg,th,ti,tk,tn,to,tr,ts,tt,tum,ug,uk,ur,uz,ve,vi,war,wo,xh,yi,yo,zh-Hans,zh-Hant,zu",,no_shared_language,,,no_shared_language,,,,,,,,,,,,,1
MID009,OOTB,DnfJdOHTUeI,0F_QvmClgOU,36,1222,[EN] 80°C에서 정신이 홀란스러워졌습니다  {찜질방 VIP} | 상팔자 ep.7,"aa,ab,af,ak,am,ar,as,ay,az,ba,be,bg,bho,bn,bo,br,bs,ca,ceb,co,crs,cs,cy,da,de,dv,dz,ee,el,en,eo,es,et,eu,fa,fi,fil,fj,fo,fr,fy,ga,gaa,gd,gl,gn,gu,gv,ha,haw,hi,hmn,hr,ht,hu,hy,id,ig,is,it,iu,iw,ja,jv,ka,kha,kk,kl,km,kn,ko,ko-orig,kri,ku,ky,la,lb,lg,ln,lo,lt,lua,luo,lv,mfe,mg,mi,mk,ml,mn,mr,ms,mt,my,ne,new,nl,no,nso,ny,oc,om,or,os,pa,pam,pl,ps,pt,pt-PT,qu,rn,ro,ru,rw,sa,sd,sg,si,sk,sl,sm,sn,so,sq,sr,ss,st,su,sv,sw,ta,te,tg,th,ti,tk,tn,to,tr,ts,tt,tum,ug,uk,ur,uz,ve,vi,war,wo,xh,yi,yo,zh-Hans,zh-Hant,zu","aa,ab,af,ak,am,ar,as,ay,az,ba,be,bg,bho,bn,bo,br,bs,ca,ceb,co,crs,cs,cy,da,de,dv,dz,ee,el,en,eo,es,et,eu,fa,fi,fil,fj,fo,fr,fy,ga,gaa,gd,gl,gn,gu,gv,ha,haw,hi,hmn,hr,ht,hu,hy,id,ig,is,it,iu,iw,ja,jv,ka,kha,kk,kl,km,kn,ko,ko-orig,kri,ku,ky,la,lb,lg,ln,lo,lt,lua,luo,lv,mfe,mg,mi,mk,ml,mn,mr,ms,mt,my,ne,new,nl,no,nso,ny,oc,om,or,os,pa,pam,pl,ps,pt,pt-PT,qu,rn,ro,ru,rw,sa,sd,sg,si,sk,sl,sm,sn,so,sq,sr,ss,st,su,sv,sw,ta,te,tg,th,ti,tk,tn,to,tr,ts,tt,tum,ug,uk,ur,uz,ve,vi,war,wo,xh,yi,yo,zh-Hans,zh-Hant,zu",ko-orig,preference_order,11,414,continuous,1.0,94.04,457.8,487.52,07:37.800,08:07.520,29.72,1,0,plausible,0.826,1,0
MID010,OOTB,UTynNRwKBlo,YhhGNP_4N4M,59,1329,[EN] 에버랜드 VIP는 어디까지 해줄까? {에버랜드 VIP} l 상팔자 ep.5,"aa,ab,af,ak,am,ar,as,ay,az,ba,be,bg,bho,bn,bo,br,bs,ca,ceb,co,crs,cs,cy,da,de,dv,dz,ee,el,en,eo,es,et,eu,fa,fi,fil,fj,fo,fr,fy,ga,gaa,gd,gl,gn,gu,gv,ha,haw,hi,hmn,hr,ht,hu,hy,id,ig,is,it,iu,iw,ja,jv,ka,kha,kk,kl,km,kn,ko,ko-orig,kri,ku,ky,la,lb,lg,ln,lo,lt,lua,luo,lv,mfe,mg,mi,mk,ml,mn,mr,ms,mt,my,ne,new,nl,no,nso,ny,oc,om,or,os,pa,pam,pl,ps,pt,pt-PT,qu,rn,ro,ru,rw,sa,sd,sg,si,sk,sl,sm,sn,so,sq,sr,ss,st,su,sv,sw,ta,te,tg,th,ti,tk,tn,to,tr,ts,tt,tum,ug,uk,ur,uz,ve,vi,war,wo,xh,yi,yo,zh-Hans,zh-Hant,zu","aa,ab,af,ak,am,ar,as,ay,az,ba,be,bg,bho,bn,bo,br,bs,ca,ceb,co,crs,cs,cy,da,de,dv,dz,ee,el,en,eo,es,et,eu,fa,fi,fil,fj,fo,fr,fy,ga,gaa,gd,gl,gn,gu,gv,ha,haw,hi,hmn,hr,ht,hu,hy,id,ig,is,it,iu,iw,ja,jv,ka,kha,kk,kl,km,kn,ko,ko-orig,kri,ku,ky,la,lb,lg,ln,lo,lt,lua,luo,lv,mfe,mg,mi,mk,ml,mn,mr,ms,mt,my,ne,new,nl,no,nso,ny,oc,om,or,os,pa,pam,pl,ps,pt,pt-PT,qu,rn,ro,ru,rw,sa,sd,sg,si,sk,sl,sm,sn,so,sq,sr,ss,st,su,sv,sw,ta,te,tg,th,ti,tk,tn,to,tr,ts,tt,tum,ug,uk,ur,uz,ve,vi,war,wo,xh,yi,yo,zh-Hans,zh-Hant,zu",ko-orig,preference_order,8,420,light_edit,1.0,80.0,933.899,985.279,15:33.899,16:25.279,51.38,2,0,plausible,0.871,1,0
MID011,OOTB,mqJp57X-OJ4,sbf2fQpuaVY,51,226,[EN] (최초 공개) 첫 촬영 전 숨막히는 회식 썰 | 전과자 특별편,"aa,ab,af,ak,am,ar,as,ay,az,ba,be,bg,bho,bn,bo,br,bs,ca,ceb,co,crs,cs,cy,da,de,dv,dz,ee,el,en,eo,es,et,eu,fa,fi,fil,fj,fo,fr,fy,ga,gaa,gd,gl,gn,gu,gv,ha,haw,hi,hmn,hr,ht,hu,hy,id,ig,is,it,iu,iw,ja,jv,ka,kha,kk,kl,km,kn,ko,ko-orig,kri,ku,ky,la,lb,lg,ln,lo,lt,lua,luo,lv,mfe,mg,mi,mk,ml,mn,mr,ms,mt,my,ne,new,nl,no,nso,ny,oc,om,or,os,pa,pam,pl,ps,pt,pt-PT,qu,rn,ro,ru,rw,sa,sd,sg,si,sk,sl,sm,sn,so,sq,sr,ss,st,su,sv,sw,ta,te,tg,th,ti,tk,tn,to,tr,ts,tt,tum,ug,uk,ur,uz,ve,vi,war,wo,xh,yi,yo,zh-Hans,zh-Hant,zu","aa,ab,af,ak,am,ar,as,ay,az,ba,be,bg,bho,bn,bo,br,bs,ca,ceb,co,crs,cs,cy,da,de,dv,dz,ee,el,en,eo,es,et,eu,fa,fi,fil,fj,fo,fr,fy,ga,gaa,gd,gl,gn,gu,gv,ha,haw,hi,hmn,hr,ht,hu,hy,id,ig,is,it,iu,iw,ja,jv,ka,kha,kk,kl,km,kn,ko,ko-orig,kri,ku,ky,la,lb,lg,ln,lo,lt,lua,luo,lv,mfe,mg,mi,mk,ml,mn,mr,ms,mt,my,ne,new,nl,no,nso,ny,oc,om,or,os,pa,pam,pl,ps,pt,pt-PT,qu,rn,ro,ru,rw,sa,sd,sg,si,sk,sl,sm,sn,so,sq,sr,ss,st,su,sv,sw,ta,te,tg,th,ti,tk,tn,to,tr,ts,tt,tum,ug,uk,ur,uz,ve,vi,war,wo,xh,yi,yo,zh-Hans,zh-Hant,zu",ko-orig,preference_order,12,48,continuous,0.8219,89.66,46.92,88.619,00:46.920,01:28.619,41.699,1,0,plausible,0.818,1,0
MID012,OOTB,M5se-hCs8rE,RxGCmd9VqF4,55,1300,[EN] 패디과만 아는 옷 싸게 사는 꿀팁은? [한성대 패션디자인학과] | 전과자 ep.24,"aa,ab,af,ak,am,ar,as,ay,az,ba,be,bg,bho,bn,bo,br,bs,ca,ceb,co,crs,cs,cy,da,de,dv,dz,ee,el,en,eo,es,et,eu,fa,fi,fil,fj,fo,fr,fy,ga,gaa,gd,gl,gn,gu,gv,ha,haw,hi,hmn,hr,ht,hu,hy,id,ig,is,it,iu,iw,ja,jv,ka,kha,kk,kl,km,kn,ko,ko-orig,kri,ku,ky,la,lb,lg,ln,lo,lt,lua,luo,lv,mfe,mg,mi,mk,ml,mn,mr,ms,mt,my,ne,new,nl,no,nso,ny,oc,om,or,os,pa,pam,pl,ps,pt,pt-PT,qu,rn,ro,ru,rw,sa,sd,sg,si,sk,sl,sm,sn,so,sq,sr,ss,st,su,sv,sw,ta,te,tg,th,ti,tk,tn,to,tr,ts,tt,tum,ug,uk,ur,uz,ve,vi,war,wo,xh,yi,yo,zh-Hans,zh-Hant,zu","aa,ab,af,ak,am,ar,as,ay,az,ba,be,bg,bho,bn,bo,br,bs,ca,ceb,co,crs,cs,cy,da,de,dv,dz,ee,el,en,eo,es,et,eu,fa,fi,fil,fj,fo,fr,fy,ga,gaa,gd,gl,gn,gu,gv,ha,haw,hi,hmn,hr,ht,hu,hy,id,ig,is,it,iu,iw,ja,jv,ka,kha,kk,kl,km,kn,ko,ko-orig,kri,ku,ky,la,lb,lg,ln,lo,lt,lua,luo,lv,mfe,mg,mi,mk,ml,mn,mr,ms,mt,my,ne,new,nl,no,nso,ny,oc,om,or,os,pa,pam,pl,ps,pt,pt-PT,qu,rn,ro,ru,rw,sa,sd,sg,si,sk,sl,sm,sn,so,sq,sr,ss,st,su,sv,sw,ta,te,tg,th,ti,tk,tn,to,tr,ts,tt,tum,ug,uk,ur,uz,ve,vi,war,wo,xh,yi,yo,zh-Hans,zh-Hant,zu",ko-orig,preference_order,20,443,continuous,1.0,90.36,1101.059,1157.16,18:21.059,19:17.160,56.101,1,0,plausible,1.02,1,0
MID013,안원잘부,m-MBLSS70x0,Ew4jW_X40Hk,68,229,리센느 - Love Attack (거제셜D 유로비트 Ver.) 💖🔥,"aa,ab,af,ak,am,ar,as,ay,az,ba,be,bg,bho,bn,bo,br,bs,ca,ceb,co,crs,cs,cy,da,de,dv,dz,ee,el,en,eo,es,et,eu,fa,fi,fil,fj,fo,fr,fy,ga,gaa,gd,gl,gn,gu,gv,ha,haw,hi,hmn,hr,ht,hu,hy,id,ig,is,it,iu,iw,ja,ja-orig,jv,ka,kha,kk,kl,km,kn,ko,kri,ku,ky,la,lb,lg,ln,lo,lt,lua,luo,lv,mfe,mg,mi,mk,ml,mn,mr,ms,mt,my,ne,new,nl,no,nso,ny,oc,om,or,os,pa,pam,pl,ps,pt,pt-PT,qu,rn,ro,ru,rw,sa,sd,sg,si,sk,sl,sm,sn,so,sq,sr,ss,st,su,sv,sw,ta,te,tg,th,ti,tk,tn,to,tr,ts,tt,tum,ug,uk,ur,uz,ve,vi,war,wo,xh,yi,yo,zh-Hans,zh-Hant,zu","aa,ab,af,ak,am,ar,as,ay,az,ba,be,bg,bho,bn,bo,br,bs,ca,ceb,co,crs,cs,cy,da,de,dv,dz,ee,el,en,eo,es,et,eu,fa,fi,fil,fj,fo,fr,fy,ga,gaa,gd,gl,gn,gu,gv,ha,haw,hi,hmn,hr,ht,hu,hy,id,ig,is,it,iu,iw,ja,jv,ka,kha,kk,kl,km,kn,ko,ko-orig,kri,ku,ky,la,lb,lg,ln,lo,lt,lua,luo,lv,mfe,mg,mi,mk,ml,mn,mr,ms,mt,my,ne,new,nl,no,nso,ny,oc,om,or,os,pa,pam,pl,ps,pt,pt-PT,qu,rn,ro,ru,rw,sa,sd,sg,si,sk,sl,sm,sn,so,sq,sr,ss,st,su,sv,sw,ta,te,tg,th,ti,tk,tn,to,tr,ts,tt,tum,ug,uk,ur,uz,ve,vi,war,wo,xh,yi,yo,zh-Hans,zh-Hant,zu",ko,preference_order,13,66,insufficient_alignment,0.0,,,,,,,,,unknown,,0,1
MID014,안원잘부,P5hyRkrFUSY,IpoR_xlslLI,37,279,【こずえ】ルカルカ★ナイトフィーバーを踊ってみた,"aa,ab,af,ak,am,ar,as,ay,az,ba,be,bg,bho,bn,bo,br,bs,ca,ceb,co,crs,cs,cy,da,de,dv,dz,ee,el,en,eo,es,et,eu,fa,fi,fil,fj,fo,fr,fy,ga,gaa,gd,gl,gn,gu,gv,ha,haw,hi,hmn,hr,ht,hu,hy,id,ig,is,it,iu,iw,ja,ja-orig,jv,ka,kha,kk,kl,km,kn,ko,kri,ku,ky,la,lb,lg,ln,lo,lt,lua,luo,lv,mfe,mg,mi,mk,ml,mn,mr,ms,mt,my,ne,new,nl,no,nso,ny,oc,om,or,os,pa,pam,pl,ps,pt,pt-PT,qu,rn,ro,ru,rw,sa,sd,sg,si,sk,sl,sm,sn,so,sq,sr,ss,st,su,sv,sw,ta,te,tg,th,ti,tk,tn,to,tr,ts,tt,tum,ug,uk,ur,uz,ve,vi,war,wo,xh,yi,yo,zh-Hans,zh-Hant,zu","aa,ab,af,ak,am,ar,as,ay,az,ba,be,bg,bho,bn,bo,br,bs,ca,ceb,co,crs,cs,cy,da,de,dv,dz,ee,el,en,en-orig,eo,es,et,eu,fa,fi,fil,fj,fo,fr,fy,ga,gaa,gd,gl,gn,gu,gv,ha,haw,hi,hmn,hr,ht,hu,hy,id,ig,is,it,iu,iw,ja,jv,ka,kha,kk,kl,km,kn,ko,kri,ku,ky,la,lb,lg,ln,lo,lt,lua,luo,lv,mfe,mg,mi,mk,ml,mn,mr,ms,mt,my,ne,new,nl,no,nso,ny,oc,om,or,os,pa,pam,pl,ps,pt,pt-PT,qu,rn,ro,ru,rw,sa,sd,sg,si,sk,sl,sm,sn,so,sq,sr,ss,st,su,sv,sw,ta,te,tg,th,ti,tk,tn,to,tr,ts,tt,tum,ug,uk,ur,uz,ve,vi,war,wo,xh,yi,yo,zh-Hans,zh-Hant,zu",ko,preference_order,8,29,insufficient_alignment,0.2391,,,,,,,,,unknown,,0,1
MID015,워크맨,Ab2ZSmjbebg,Zeuzp5EAsR0,27,44,언니 저 맘에 안들져 #여자아이들#눈네모챌린지#쎈언니챌린지 @official_i_dle,"aa,ab,af,ak,am,ar,as,ay,az,ba,be,bg,bho,bn,bo,br,bs,ca,ceb,co,crs,cs,cy,da,de,dv,dz,ee,el,en,eo,es,et,eu,fa,fi,fil,fj,fo,fr,fy,ga,gaa,gd,gl,gn,gu,gv,ha,haw,hi,hmn,hr,ht,hu,hy,id,ig,is,it,iu,iw,ja,jv,ka,kha,kk,kl,km,kn,ko,ko-orig,kri,ku,ky,la,lb,lg,ln,lo,lt,lua,luo,lv,mfe,mg,mi,mk,ml,mn,mr,ms,mt,my,ne,new,nl,no,nso,ny,oc,om,or,os,pa,pam,pl,ps,pt,pt-PT,qu,rn,ro,ru,rw,sa,sd,sg,si,sk,sl,sm,sn,so,sq,sr,ss,st,su,sv,sw,ta,te,tg,th,ti,tk,tn,to,tr,ts,tt,tum,ug,uk,ur,uz,ve,vi,war,wo,xh,yi,yo,zh-Hans,zh-Hant,zu","aa,ab,af,ak,am,ar,as,ay,az,ba,be,bg,bho,bn,bo,br,bs,ca,ceb,co,crs,cs,cy,da,de,dv,dz,ee,el,en,en-orig,eo,es,et,eu,fa,fi,fil,fj,fo,fr,fy,ga,gaa,gd,gl,gn,gu,gv,ha,haw,hi,hmn,hr,ht,hu,hy,id,ig,is,it,iu,iw,ja,jv,ka,kha,kk,kl,km,kn,ko,kri,ku,ky,la,lb,lg,ln,lo,lt,lua,luo,lv,mfe,mg,mi,mk,ml,mn,mr,ms,mt,my,ne,new,nl,no,nso,ny,oc,om,or,os,pa,pam,pl,ps,pt,pt-PT,qu,rn,ro,ru,rw,sa,sd,sg,si,sk,sl,sm,sn,so,sq,sr,ss,st,su,sv,sw,ta,te,tg,th,ti,tk,tn,to,tr,ts,tt,tum,ug,uk,ur,uz,ve,vi,war,wo,xh,yi,yo,zh-Hans,zh-Hant,zu",ko,preference_order,6,2,insufficient_alignment,0.0,,,,,,,,,unknown,,0,1
MID016,피식대학,MQbXKXx4epI,qJytqE1G2ac,24,642,"미국 LA에 뿌리내린 한인(韓人)들의 깊은 정서가 담긴 ‘한인타운 밥상’, Korean Food | 배용길의밥상🍚","aa,ab,af,ak,am,ar,as,ay,az,ba,be,bg,bho,bn,bo,br,bs,ca,ceb,co,crs,cs,cy,da,de,dv,dz,ee,el,en,eo,es,et,eu,fa,fi,fil,fj,fo,fr,fy,ga,gaa,gd,gl,gn,gu,gv,ha,haw,hi,hmn,hr,ht,hu,hy,id,ig,is,it,iu,iw,ja,jv,ka,kha,kk,kl,km,kn,ko,ko-orig,kri,ku,ky,la,lb,lg,ln,lo,lt,lua,luo,lv,mfe,mg,mi,mk,ml,mn,mr,ms,mt,my,ne,new,nl,no,nso,ny,oc,om,or,os,pa,pam,pl,ps,pt,pt-PT,qu,rn,ro,ru,rw,sa,sd,sg,si,sk,sl,sm,sn,so,sq,sr,ss,st,su,sv,sw,ta,te,tg,th,ti,tk,tn,to,tr,ts,tt,tum,ug,uk,ur,uz,ve,vi,war,wo,xh,yi,yo,zh-Hans,zh-Hant,zu","aa,ab,af,ak,am,ar,as,ay,az,ba,be,bg,bho,bn,bo,br,bs,ca,ceb,co,crs,cs,cy,da,de,dv,dz,ee,el,en,eo,es,et,eu,fa,fi,fil,fj,fo,fr,fy,ga,gaa,gd,gl,gn,gu,gv,ha,haw,hi,hmn,hr,ht,hu,hy,id,ig,is,it,iu,iw,ja,jv,ka,kha,kk,kl,km,kn,ko,ko-orig,kri,ku,ky,la,lb,lg,ln,lo,lt,lua,luo,lv,mfe,mg,mi,mk,ml,mn,mr,ms,mt,my,ne,new,nl,no,nso,ny,oc,om,or,os,pa,pam,pl,ps,pt,pt-PT,qu,rn,ro,ru,rw,sa,sd,sg,si,sk,sl,sm,sn,so,sq,sr,ss,st,su,sv,sw,ta,te,tg,th,ti,tk,tn,to,tr,ts,tt,tum,ug,uk,ur,uz,ve,vi,war,wo,xh,yi,yo,zh-Hans,zh-Hant,zu",ko-orig,preference_order,11,203,continuous,1.0,95.3,211.68,234.86,03:31.680,03:54.860,23.18,1,0,plausible,0.966,1,0
MID017,피식대학,02Y7z_3_tX0,Dc04VdKLleM,46,1248,"[한글자막] 대니초, 월터홍에게 실례지만 누구시냐고 묻다","aa,ab,af,ak,am,ar,as,ay,az,ba,be,bg,bho,bn,bo,br,bs,ca,ceb,co,crs,cs,cy,da,de,dv,dz,ee,el,en,en-orig,eo,es,et,eu,fa,fi,fil,fj,fo,fr,fy,ga,gaa,gd,gl,gn,gu,gv,ha,haw,hi,hmn,hr,ht,hu,hy,id,ig,is,it,iu,iw,ja,jv,ka,kha,kk,kl,km,kn,ko,kri,ku,ky,la,lb,lg,ln,lo,lt,lua,luo,lv,mfe,mg,mi,mk,ml,mn,mr,ms,mt,my,ne,new,nl,no,nso,ny,oc,om,or,os,pa,pam,pl,ps,pt,pt-PT,qu,rn,ro,ru,rw,sa,sd,sg,si,sk,sl,sm,sn,so,sq,sr,ss,st,su,sv,sw,ta,te,tg,th,ti,tk,tn,to,tr,ts,tt,tum,ug,uk,ur,uz,ve,vi,war,wo,xh,yi,yo,zh-Hans,zh-Hant,zu","aa,ab,af,ak,am,ar,as,ay,az,ba,be,bg,bho,bn,bo,br,bs,ca,ceb,co,crs,cs,cy,da,de,dv,dz,ee,el,en,en-RTVD7I65Ooc,en-orig,eo,es,et,eu,fa,fi,fil,fj,fo,fr,fy,ga,gaa,gd,gl,gn,gu,gv,ha,haw,hi,hmn,hr,ht,hu,hy,id,ig,is,it,iu,iw,ja,jv,ka,kha,kk,kl,km,kn,ko,kri,ku,ky,la,lb,lg,ln,lo,lt,lua,luo,lv,mfe,mg,mi,mk,ml,mn,mr,ms,mt,my,ne,new,nl,no,nso,ny,oc,om,or,os,pa,pam,pl,ps,pt,pt-PT,qu,rn,ro,ru,rw,sa,sd,sg,si,sk,sl,sm,sn,so,sq,sr,ss,st,su,sv,sw,ta,te,tg,th,ti,tk,tn,to,tr,ts,tt,tum,ug,uk,ur,uz,ve,vi,war,wo,xh,yi,yo,zh-Hans,zh-Hant,zu",ko,preference_order,12,282,insufficient_alignment,0.319,,,,,,,,,unknown,,0,1
MID018,피식대학,bxToIBbK4uk,i8zxaQf7GMY,38,1075,[한글자막] 오메가사피엔에게 머리에 크로마키 해도 되냐고 묻다,"aa,ab,af,ak,am,ar,as,ay,az,ba,be,bg,bho,bn,bo,br,bs,ca,ceb,co,crs,cs,cy,da,de,dv,dz,ee,el,en,eo,es,et,eu,fa,fi,fil,fj,fo,fr,fy,ga,gaa,gd,gl,gn,gu,gv,ha,haw,hi,hmn,hr,ht,hu,hy,id,ig,is,it,iu,iw,ja,jv,ka,kha,kk,kl,km,kn,ko,ko-orig,kri,ku,ky,la,lb,lg,ln,lo,lt,lua,luo,lv,mfe,mg,mi,mk,ml,mn,mr,ms,mt,my,ne,new,nl,no,nso,ny,oc,om,or,os,pa,pam,pl,ps,pt,pt-PT,qu,rn,ro,ru,rw,sa,sd,sg,si,sk,sl,sm,sn,so,sq,sr,ss,st,su,sv,sw,ta,te,tg,th,ti,tk,tn,to,tr,ts,tt,tum,ug,uk,ur,uz,ve,vi,war,wo,xh,yi,yo,zh-Hans,zh-Hant,zu","aa,ab,af,ak,am,ar,as,ay,az,ba,be,bg,bho,bn,bo,br,bs,ca,ceb,co,crs,cs,cy,da,de,dv,dz,ee,el,en,en-orig,eo,es,et,eu,fa,fi,fil,fj,fo,fr,fy,ga,gaa,gd,gl,gn,gu,gv,ha,haw,hi,hmn,hr,ht,hu,hy,id,ig,is,it,iu,iw,ja,jv,ka,kha,kk,kl,km,kn,ko,kri,ku,ky,la,lb,lg,ln,lo,lt,lua,luo,lv,mfe,mg,mi,mk,ml,mn,mr,ms,mt,my,ne,new,nl,no,nso,ny,oc,om,or,os,pa,pam,pl,ps,pt,pt-PT,qu,rn,ro,ru,rw,sa,sd,sg,si,sk,sl,sm,sn,so,sq,sr,ss,st,su,sv,sw,ta,te,tg,th,ti,tk,tn,to,tr,ts,tt,tum,ug,uk,ur,uz,ve,vi,war,wo,xh,yi,yo,zh-Hans,zh-Hant,zu",ko,preference_order,15,219,insufficient_alignment,0.2846,,,,,,,,,unknown,,0,1
