candidate_id,duration_sec,description,transcript,before_context,after_context
C_fb9d53c40ca373,48.38,"부모가 될 준비를 마치고 부모가 되는 경우는 없다며 매일 배우고 반성한다고 말하고, 피노키오에서 본 화났을 때 한 말에 관한 대사를 인용해 아이에게 했던 말을 후회한다고 이야기한다.","[07:30.060] 해보자 이렇게 하는 동료애가 좀 이제
[07:32.759] 싹트기 시작하면서 같이 헤쳐나가는
[07:35.580] 준비가 된 상태에서
[07:37.139] 막 부모가 되는 경우가 없을 거예요
[07:38.400] 지금도
[07:40.199] 근데 매일매일 이제 배워 나 가는
[07:42.900] 항상 반성하고 그때 그 말은 하지
[07:45.300] 말았어야 되는데
[07:46.860] 그런
[07:48.360] 약간 덜 하시나요 자주 하죠 얼마
[07:50.220] 전에 그 피노키오라는 애니메이션을
[07:52.380] 봤는데 거기서도 그런 대사가
[07:55.740] 나오더라고요 그 화가 나셨던 말은
[07:57.599] 그때는 진심이라고 생각하는데 나중에
[07:59.880] 좀만 지나면 진심이 아니라는 거 알게
[08:01.740] 돼라고 하는데 아이에게 했던 뭐
[08:04.319] 말이라던지 아이뿐만 아니고 그냥
[08:08.759] 하면서
[08:14.819] 저는 좀 이렇게 좀
[08:16.919] 파고드는 그런 스타일인데 왜 그래프
[08:20.539] 이불킥 같은거야","[06:46.400] 만약에 내가 아빠가 되거나 자식이
[06:49.080] 있거나 이러면 너무나 무섭다 왜냐면
[06:51.000] 나는 지금도 너무 좀
[06:52.860] 찌질하고 부족한데 그 아빠의 모습으로
[06:55.319] 보여주면 안 되는 것들이 너무 많다
[06:56.940] 이런 거 있잖아요 아이가 생기기 전에
[06:59.340] 멋진 어른이 될 수 있을까 왜냐면 그
[07:01.620] 아이한테 이제 내가 세상에 우주고
[07:03.360] 시작일 텐데 그런 고민을 하셨는지
[07:05.160] 그리고 지금 어떠신지도 궁금하겠습니다
[07:06.919] 그런 고민은
[07:08.880] 딱히 안 했던 것 같아요 왜냐면은
[07:10.020] 아이가 생기는게
[07:13.319] 어떤
[07:13.979] 기상의 변화처럼 그냥 어떻게 할 수
[07:16.080] 있는 일이 아닌 그런 거고 나는 지금
[07:18.900] 내가 준비가 된 상태에서 내일 비가
[07:21.360] 오는게 아니잖아요
[07:22.639] 그래서 그냥 이제 그런 느낌으로
[07:25.080] 받아들이고 대신에 이제 같이 있으니까
[07:27.660] 이제 엄마가 이렇게 해서 이렇게
[07:30.060] 해보자 이렇게 하는 동료애가 좀 이제
[07:32.759] 싹트기 시작하면서 같이 헤쳐나가는
[07:35.580] 준비가 된 상태에서","[08:16.919] 파고드는 그런 스타일인데 왜 그래프
[08:20.539] 이불킥 같은거야
[08:47.480] 그 말 왜 했어 너 너무 오그라들지
[08:49.920] 않아도 지금 다시 맨정신 할 수 있어
[08:51.690] [웃음]
[08:55.440] 약간 부끄러운 얘긴데 저는
[08:58.380] 웃기다랑 재미있다를
[09:00.839] 구분을 되게 늦게 했던 것 같아요 아
[09:03.540] 웃기다가
[09:05.180] 영화 보고 갔다 해서 너 그 영화
[09:07.800] 재밌다며 나도 좀 웃고 싶어 너 보자"
C_6cf2a108cf394e,66.079,"입대를 앞두고 후배들에게 차례로 전화를 걸어 5월 11일에 만나 한잔하자고 약속을 잡으려 하지만, 상대들이 확답을 주지 않자 너한테만 전화한 게 아니라 동기들에게도 다 걸고 있다고 항변한다.","[12:22.639] 전화하려고 합니다
[12:25.900] [음악]
[12:29.320] 어 우선아 오빠야 문상은 오빠야
[12:32.120] 사훈이 오빠야 받아 우선아 어우
[12:36.160] 사훈이 오빠야
[12:38.040] 아니 만화동아리 포포의 대모 팬드 좀
[12:43.120] 써 오빠 군대에 가오
[12:45.240] 떨어진다 단결 아니
[12:51.360] 고생하십시오 오빠 여기 선인들 소개
[12:53.560] 좀 해 줄까 나쁘지 않아 남친아 뭔
[12:57.360] 상관이야 무선아
[12:59.880] 너 5월 11일 날 뭐 해 빠 수리나
[13:02.279] 한자 하려고 했지 수리나 한자 하자
[13:05.680] 아니 여보세요
[13:16.079] 우선아
[13:18.040] 야 오빠야 밥 먹었어 5월 11일날
[13:22.279] 약수 없어 오빠 술리
[13:28.120] 한잔할까 아 받아 문 훈이야 설아
[13:31.160] 상훈이 오빠야 왜 내가 전화하는게
[13:33.399] 잘못인데 너한테만 전화하는 것도
[13:35.399] 아니야 너 동기들한테 다 전화해 내가","[11:40.959] 않았어 이병
[11:43.680] 문상원 죄송합니다 너 위로 일병들 다
[11:46.839] 갔어 지금 아까 두 명이 하지
[11:51.600] 않았습니까 어 저거 몇 배 들기
[11:54.360] 아닙니까 장난치나 시금 이병 문상원
[11:57.040] 아닙니다 어 이병 문상원
[12:02.399] 뭐 하냐 잠깐 다리가 아파서 내
[12:06.160] 앉으라 그랬어 아닙니다
[12:08.399] 이어나 왜 느리냐 너 이형 문상은 아
[12:12.959] 진짜 그만하고
[12:16.500] [음악]
[12:19.880] 싶습니다 오늘은 여자 친구들한테
[12:22.639] 전화하려고 합니다
[12:25.900] [음악]
[12:29.320] 어 우선아 오빠야 문상은 오빠야","[13:31.160] 상훈이 오빠야 왜 내가 전화하는게
[13:33.399] 잘못인데 너한테만 전화하는 것도
[13:35.399] 아니야 너 동기들한테 다 전화해 내가
[13:37.480] 뭐 했다고 쪽팔린데 야 나도 쪽 팔려
[13:39.720] 그럼 나 너한테 지금 전화 안 하려도
[13:41.120] 전화하는 거야 선형이 서희 진소리 다
[13:43.279] 전화하고 너한테 마지막 전화하는 거야
[13:45.360] 안 할게 그러면 너도 하지 마 그러면
[13:47.800] 욕 꺼져
[13:52.880] 너도 아 여보세요 어 나야 칸나 아
[13:57.440] 갈키 본능 나야
[13:59.560] 아 진짜 결혼식도 했어 그러면 오
[14:02.839] 그럼 너 그때 걔는 어떻게 됐냐 아
[14:05.680] 바람 몰라 오
[14:08.920] 양다리 써 사람들 얘기 안 했어 야
[14:11.880] 여기 선인들
[14:13.000] [음악]
[14:14.600] 들야 단결 잠깐만 나 잠깐만 반결 아"
C_7cfa0a88337df6,41.521,"손으로 먹어야 하는 음식을 방으로 옮겨 책상 앞에서 먹은 경험을 창피하다며 털어놓고, 불을 켜지 못하는 상황에서 야간 투시 수준으로 시야가 트였다며 씹지도 못하고 넘겼다고 말한다.","[05:03.780] 소리도 나는데
[05:04.979] 손으로 먹어야 되는데
[05:06.259] 그래서 그거를 제가 여기다가
[05:11.520] 옮겨놓고
[05:14.220] 책상 앞에 앉아 가지고
[05:16.080] 이게
[05:17.699] 너무 창피하네
[05:19.860] 그런 경우는 없으신 거죠
[05:23.120] 그때는 어렸을 때 그런 경험으로는
[05:30.720] 야맹증 발달이 굉장히 좋습니다 이제
[05:32.220] 불을
[05:35.340] 켜면 안 되는 상태에서 가끔 이제
[05:38.220] 초록색깔 그 야간
[05:39.960] 시선 있잖아요 거의 그 정도 급으로
[05:42.240] 보이거든요
[05:43.740] 근데 이게 집중력이
[05:46.500] 씹지도 못하고 들어가요","[04:16.380] 운동을 하지 않습니다만
[04:19.079] 그렇게 누워 있는 시간이
[04:20.600] 제일 빨리 가는 느낌이 들어오지 않게
[04:23.340] 아쉬워요 집에 있는 걸 좀 아쉬워하지
[04:25.380] 않는 편이신가요
[04:26.690] [음악]
[04:27.860] 저는 집에 있는게 저한테
[04:30.660] 휴식이어가지고
[04:32.820] 퇴근하고 와서 누워있는 그 시간이
[04:34.740] 저한테 너무 힐링되서 자고 싶지 않은
[04:39.500] 건 어떻게 되세요 그렇게 한식을
[04:42.660] 위주로 좀 많이 먹어요 한식을
[04:44.880] 좋아해가지고 제일 좋아하는 메뉴는
[04:46.800] 어떤 거세요
[04:47.699] 꽁치김치찌개 이런 거 좋아해요
[04:55.380] 밤에
[04:56.820] 밤에 이제 그 몇몇
[04:58.620] 여러가지 하나씩
[05:03.780] 소리도 나는데
[05:04.979] 손으로 먹어야 되는데","[05:42.240] 보이거든요
[05:43.740] 근데 이게 집중력이
[05:46.500] 씹지도 못하고 들어가요
[05:50.759] 문 닫고 딱 씹었는데 그 달랑거렸을
[05:52.259] 때는
[05:52.870] [음악]
[05:54.240] 굉장히 그거를 감축 길이었거든요 다시
[05:57.840] 나가시나요
[06:00.720] 부대찌개도 친구들끼리 많이 드시나요네
[06:02.880] 가끔 먹어요 아이큐 테스트나 이런 거
[06:05.400] 하면은 한 32쌍 카드 해놓고
[06:08.639] 욕이 먼저 보여주고 여기 보내주고
[06:10.199] 맞추는 거 있잖아요 저 같은 경우는
[06:11.820] 이제 그걸 계속 뒤적이면
[06:13.680] 야 너 못 찾아 왜 이렇게 뒤적이야
[06:14.880] 이러니까
[06:16.020] 친구가 뒤적였던 자리를
[06:18.479] 기억해 놓고
[06:23.460] [음악]
[06:25.740] 진짜 밥 드실 때요
[06:29.840] 저는 그럼 다미님이"
C_e8221b95e409a4,53.63,"J와 P의 차이를 대조하며 J는 할 일을 간단히 적고 실제로 하는데 P는 계획을 짜다 끝난다고 지적하고, 여행에서 정해진 시간에 이동해야 한다는 쪽과 더 보고 싶다는 쪽이 맞선다.","[00:52.920] j 특징을 말해 줄게 야 이거 인도
[00:55.110] 인강 부분은 저희들도 잘 들어 어디가
[00:56.640] 괜찮은지 못해 주야 센 같은 경우는
[00:58.800] 오늘 해야 되 리 만 간단하게 적어
[01:00.540] 놓고 그 일을 실제로 해 너네 같은
[01:02.760] 제 이들은 이 계획 한다고 계획 업은
[01:04.980] 나면 내일부터 열심히 살아야지 하면서
[01:06.360] 실질적인 9분하고 못한다고 가장 좋은
[01:08.940] 계획은 지켜지는 계획이 야 하나도 안
[01:11.250] 찍힌 거 아니야 지금 편도 약 7시
[01:12.960] 50분 문인 똥 해결해서 10분안에
[01:15.420] 어떻게 10분안에 그걸 한번
[01:16.890] 해결했다는 거기 계획을 점수가 있니
[01:20.130] 여행 가서도 많은 용기가 맘에 들어
[01:22.080] 좀 더 보고 싶어 근데 3시 20분에
[01:23.910] 이동 해야 된다고 3:21 어느
[01:25.590] 버스를 타야 된다고 재빨 뛰어봐 계획
[01:28.020] 업무 넣었더니 여행인데 그러려고
[01:30.270] 여행하는 거 아냐 이 모든 게 다
[01:31.920] 경험이 고난이 선택인데 이들은 뭐야
[01:34.020] 여기 있는 이래서 감이 안 되고 요기
[01:36.690] 이렇게 가서 중 서야 되고 그런
[01:38.490] 군대를 가려고 내가 몇번이나 2
[01:40.650] 그러면 피지만 잘살아 세 미모 먹은
[01:43.320] 나고 내 이름 한 번 이라는 분쟁
[01:44.430] 있어 계획 금 않자 계획 짜는 일이야
[01:47.070] 쓸데없는 1 알겠지","[00:06.790] 5번에 2번 5번 이번 틀린 사람
[00:10.230] 해서 뭐 저거
[00:12.539] 현 4
[00:13.740] 책 점 하면 되지 뭘 적고 있어 패드
[00:15.480] 에다가 지금
[00:17.430] 크게 말해
[00:19.640] 개교를 지금의 접어서 인소 파고
[00:22.070] 있는데 점 다 있어
[00:24.020] 너가 까봐 넘어갔고 와
[00:28.310] 모닝 동 이거는 왜 적어 놓는 거야
[00:30.619] 행사도 지금 적고 있다 는 계획이
[00:32.090] 거야
[00:33.079] 8시 40분에 신발 짜놓고 소변 보기
[00:35.270] 2분 이건 왜 현 서야
[00:38.400] 데 이라서 그래요 이런 얘기 하지
[00:39.900] 말고 meta 게 그만 하고 제 2의
[00:41.850] 전혀 다르고 비전 따로 있냐 수중에
[00:43.410] 아니잖아
[00:45.600] 아이고 옥상 d 올라가길 번호 3
[00:48.510] 옥상 걸어 올라가기 한번 해봐 30초
[00:50.160] 야 야 잘 들어 jj 손들어 마 야
[00:52.920] j 특징을 말해 줄게 야 이거 인도
[00:55.110] 인강 부분은 저희들도 잘 들어 어디가
[00:56.640] 괜찮은지 못해 주야 센 같은 경우는","[01:44.430] 있어 계획 금 않자 계획 짜는 일이야
[01:47.070] 쓸데없는 1 알겠지
[01:53.470] 자 그럼 온 에서 6가 장골 하고
[01:56.100] 뭘 계획을 짜도 가 무슨 녀 여자
[01:59.070] 바바 봤어
[02:06.260] 양인 선생님한테 14 다는 물어볼
[02:08.509] 거야
[02:10.830] 봤어 내라 남은 서브 담당 빠담 단
[02:13.650] 파운 하자
[02:16.230] 아 얘네 요새 이미 밥을 못 먹고
[02:18.660] 요즘 안먹는 3개
[02:20.670] 예
[02:21.360] 녕하세요 아침에 화장실 못 갔고
[02:23.160] 1000만 금방 싹 웃게 5
[02:28.020] [음악]
[02:34.070] 222"
C_690684f222062e,29.72,"찜질방 VIP 방에 들어가 향기가 고급지다며 감탄하고, 방 자체가 찜질되는 것 같다는 말과 함께 수납장과 화장실, 샤워실을 차례로 둘러보며 반응한다.","[07:28.020] [음악]
[07:37.800] 오 향기가 대박이야 되게
[07:41.160] 고급지고 용진형
[07:43.919] 찜질방이 지금 방 자체가 찜질이 되고
[07:45.900] 있나 봐요 이게 지금 이런 수납장이
[07:49.380] 엄청 좋은데요
[07:56.160] 화장실
[07:57.180] 진짜 좋다
[07:58.919] 언니 화면이 여기는 지금 샤워실이네
[08:01.160] [음악]
[08:04.860] 어떡해","[06:53.760] [음악]
[06:57.960] S 사이즈를
[07:02.530] [웃음]
[07:05.539] 모시겠습니다 오
[07:08.400] 진짜 좋다 이렇게 좋은 찜질방 처음
[07:10.860] 와봐요
[07:11.699] 진짜 넓어
[07:13.080] 와 어머 여기 뭐야
[07:15.539] 첨성대 아니야 첨성대
[07:17.039] 요것도 이제 찜질방입니다 나중에
[07:18.360] 이용해 보시면 되시고요 먼저
[07:19.680] vip실로 안내해드리겠습니다 대박
[07:23.900] [박수]
[07:26.759] 대박
[07:28.020] [음악]
[07:37.800] 오 향기가 대박이야 되게","[08:04.860] 어떡해
[08:10.220] 어메니티 다 있어요 바디로션 입고
[08:13.860] 에센스 수건이 진짜 많네요 모자라시면
[08:16.979] 계속 드립니다
[08:18.360] 이건 뭐지 비밀의 방 아니 거기는
[08:20.520] 따로 이제 워터파크로 나가는 중입니다
[08:24.060] 따로 있어요 vip실은 워터파크로
[08:25.800] 가는 전용 엘리베이터가 따로 있습니다
[08:27.139] 대박이다
[08:31.219] 아까 말씀드렸던 중식 메뉴입니다
[08:33.419] 하나만 고를 수 있어요
[08:35.700] 4인 기준이니까 4개 고르실 수
[08:37.020] 있어요
[08:39.360] 식사하시기 한 시간 전쯤에 컨실러에
[08:41.219] 전화를 주시면 저희가 지금 오늘
[08:43.080] 넣어서 갖다 드릴게요
[08:45.060] 근데 진짜
[08:45.899] 호텔 같아요
[08:46.920] 근데 여기 진짜 침대 없어요
[08:49.260] 순대가 있으면 좀 목적이 다르게 될
[08:51.420] 수도 있을 것 같아서 같이 쉬는"
C_3e9e111d2d2f87,51.38,"롯데월드타워 높은 곳에 올라 벌써 왔냐며 너무 무섭다고 말하면서도 정상이라고 답하고, 박수와 음악이 이어진 뒤 살려달라고 외치며 이런 건 혼자 하기 어렵다고 말한다.","[15:33.899] 롯데월드타워가 왜 벌써
[15:35.760] 너무 무서운데 정상입니다
[16:05.150] [박수]
[16:20.180] [박수]
[16:20.860] [음악]
[16:23.180] 아
[16:25.279] 살려줘 이게 확실히 이런 거는 혼자","[14:48.779] q패스구나 이거
[14:51.540] 혹시 슈퍼스만 산 거예요
[14:54.600] 큐패스 한 장에
[15:01.139] 이러면 30만원이에요 그럼 드림투어를
[15:03.959] 빨리 예약해요 지금
[15:06.500] 보세요네 이렇게
[15:10.199] 기다리고 있겠습니다 같이 안타요
[15:12.600] 항상 여기서 기다리는게 원칙이기
[15:13.800] 때문에
[15:19.800] [음악]
[15:20.940] 올라간다
[15:30.430] [음악]
[15:33.899] 롯데월드타워가 왜 벌써","[16:20.860] [음악]
[16:23.180] 아
[16:25.279] 살려줘 이게 확실히 이런 거는 혼자
[16:28.199] 타면 안 되고 진짜 친구랑 가야 돼요
[16:34.220] 뭐예요 이게 뭐예요 어 위피 어 위피
[16:38.339] 많이 들어봤는데 친구 만나는 어플
[16:40.139] 그거구나
[16:41.100] 맞아요 그래서 친구 만나라고 친구
[16:43.440] 만나라고 계속 가스랑
[16:46.320] 얘들아 지금 에버랜드 올 사람 헐
[16:48.480] 갑자기
[16:56.040] 5분거리 동네 친구가 필요한 순간은
[16:57.839] 위키
[16:58.500] [음악]
[17:06.079] 사람들 되게 요런 이제 어플 많이
[17:08.699] 쓰더라고요 아까 그 커플 중에"
C_8745eb5a0719a3,41.699,"회식 자리에서 먼저 한잔했다는 말이 나오고 매니저가 술을 많이 먹이지 말라고 당부했다는 이야기가 오간 뒤, 프로그램 기획안을 받았는지와 어땠는지를 묻는 대화로 넘어간다.","[00:46.920] 감사합니다
[00:47.820] 먼저 한잔하셨네요
[00:53.840] 알 수가 없어 뭔가 어떤 느낌으로
[00:57.590] [음악]
[01:02.219] 살얼음이잖아
[01:06.780] [음악]
[01:15.840] 매니저님 오더
[01:17.220] 우리 매니저
[01:19.320] 우선은 술 많이 먹이지 말래죠
[01:21.000] 습기가 없어서 걱정이니까
[01:24.119] 진짜로요
[01:25.080] 진짜 그렇게 보냈어요
[01:26.460] 프로그램 기획안을 받으셨죠 받았어요
[01:28.619] 어땠어요","[00:03.560] [음악]
[00:46.920] 감사합니다","[01:25.080] 진짜 그렇게 보냈어요
[01:26.460] 프로그램 기획안을 받으셨죠 받았어요
[01:28.619] 어땠어요
[01:30.659] 전과자라고 처음에
[01:34.020] 아 이거 약간
[01:35.579] 범죄 이런 그런 건가 하고
[01:38.640] 켜봤더니
[01:39.479] 과를 옮긴다의 전과였더라구요 그래서
[01:44.220] 뭔가
[01:50.040] 대학생 어땠어요 대학교에 직접 가서
[01:53.119] 대학생활을 해보는게 저는 그게 별로
[01:56.880] 없었거든요 대낮에 잔디밭 이런 데서
[02:00.000] 그냥 하는 거 그런 거 해보고 싶고
[02:04.560] 학교에서 체험 해보고 싶은 것들이
[02:06.840] 있어요 내
[02:09.360] 촬영마다 1일 CC
[02:11.819] 저희가 일단은 설정을 그 어느 학번"
C_e1d06dcd792841,56.101,"패션 전공의 진로로 에디터와 바이어, MD를 꼽고 옷을 좋아하는 사람은 만드는 쪽과 사는 쪽으로 나뉜다고 말한 뒤, 옷에 쓴 누적 금액을 맞혀보라며 800만원이라는 답에 놀란다.","[18:16.340] 알아부 그거 알고 있어요 나오면
[18:19.260] [음악]
[18:21.059] 디자이너 말고도 다른 진로가 또 있나
[18:23.280] 에디터다 바이어 MD
[18:25.860] 막 마케팅 쪽으로 갈 수도 있고
[18:30.120] 돈을 많이 벌었는데
[18:32.280] 옷을 좋아하면은 두 가지야 어제
[18:34.020] 만드는 걸 좋아하거나 요즘 사람을
[18:35.520] 좋아하는데 나는 후자야
[18:38.760] 얼마나 사 무진설 누적 금액이 있어
[18:42.179] 얼만지 한번 맞춰
[18:43.500] 한 500만원
[18:47.520] 800만원
[18:51.760] [음악]
[18:53.640] 야이 미친놈아
[18:55.260] 근데 나
[18:56.280] 진짜로 주변에 그런 사람이 한 명
[18:57.900] 있었어 그래서 걔는 진짜 사과만
[19:00.059] 먹었어 다
[19:02.280] 그러지 않아 너도 그쪽이야 걸어다니고
[19:08.340] 굶고 편의점 커피 먹고
[19:10.080] 근데 이제 까오가 떨어지니까
[19:11.580] 스타벅스 홀더 비우고
[19:14.640] 팬이 전공병 아 맞아 그거 있어 다들
[19:17.160] 들어올 때 좀 당당하게 들어오고","[17:58.150] [음악]
[18:04.320] 굉장히 핫하지 또
[18:05.880] 다른 사람은
[18:06.720] 춘식대학에
[18:08.160] 민수 김이라고 김민수
[18:16.340] 알아부 그거 알고 있어요 나오면
[18:19.260] [음악]
[18:21.059] 디자이너 말고도 다른 진로가 또 있나","[19:14.640] 팬이 전공병 아 맞아 그거 있어 다들
[19:17.160] 들어올 때 좀 당당하게 들어오고
[19:21.179] 선호하는 브랜드 혹은 사이트 제일
[19:24.539] 좋아하는 건 이제 엔더스인데
[19:27.360] 어떤 어떤 느낌의 옷인데 그
[19:29.940] 스칸디나비와 반도를 배경을 중심으로
[19:32.520] 하면 그걸 모티브로 해가지고 나는
[19:35.400] 한국
[19:36.059] 요즘 브랜드 중에는 아무 멘토가 제일
[19:38.880] 멋있었어요
[19:39.960] 또
[19:41.520] 막 저기 무슨 반도 무슨 배도 막
[19:43.980] 한반도
[19:46.440] 의
[19:47.299] 너한테 잘 어울릴 것 같은 내가 아까
[19:49.799] 만든 원피스가 하나 있었거든
[19:57.660] 진짜 잘 다루는데 어"
C_efa86f1b807ef1,23.18,"고춧가루에 얽힌 이야기를 들려주겠다며 고춧가루가 세관에 걸린 일을 꺼내고, 현지에서 의심하며 믿어주지 않자 그 자리에서 직접 먹고 똑바로 걸어 보였다고 말한다.","[03:27.060] 고춧가루도 여기 많이 들어오네 가게
[03:30.300] 각색으로
[03:31.680] 제가 고춧가루에 얽힌 재미난 이야기를
[03:34.800] 들려드릴까요
[03:36.480] 고춧가루가
[03:37.700] 세관에서 걸린 거야
[03:40.080] 얘네들이 미국 애들이 말하긴 줄 알고
[03:42.180] 이거 막
[03:43.620] 난리를 치는 거야
[03:48.180] 얘네들이 안 믿어주는 거야
[03:49.860] 근데 그 자리에서 내가 먹고서 내가
[03:51.420] 이렇게 막 똑바로 걷고 막 그랬다니까","[02:45.120] 있어
[02:45.900] 그러니까 부자들도 기업들도 다 이렇게
[02:48.300] 남가주에서
[02:50.099] 다른 곳에서 나가고 있다는 주세란
[02:51.180] 말이야 그러면 어떻게 되겠어 또
[02:53.900] 저의 제2고향 같은 곳이어서 그런지
[02:57.780] 차가 너무 흥분을 했네요
[03:03.840] 그래도 이렇게이 사람들이 표정을
[03:05.220] 보십시오
[03:06.180] 여기 좀 행복한 표정이지 않습니까
[03:08.360] 이게 바로
[03:10.620] 캐리뿐이야
[03:18.560] 마을의 젖줄인 한인마트는 세월이 흘러
[03:21.959] 어떻게 변해 있을까요
[03:23.770] [음악]
[03:27.060] 고춧가루도 여기 많이 들어오네 가게
[03:30.300] 각색으로
[03:31.680] 제가 고춧가루에 얽힌 재미난 이야기를","[03:49.860] 근데 그 자리에서 내가 먹고서 내가
[03:59.400] 객지 생활 중에 한인동포들이 가장
[04:01.920] 먹고 싶어하는 음식은 무엇일까요
[04:04.879] 한인타운 한인들은 다 안다는
[04:07.580] 바다이야기를 가보겠습니다
[04:10.739] 물론
[04:11.819] 성인오락실은 아닙니다
[04:18.519] [음악]
[04:21.540] 헤로헤로우
[04:23.400] 후레쉬 하네
[04:25.740] 아니
[04:26.820] 간장게장을 밥도둑이라 하는데요 여기
[04:29.460] 미국에서
[04:30.840] 밥도둑질하다 걸리면
[04:32.460] 6개월 이하의 징역이나 5,000불
[04:34.320] 이하의 벌금에 처할 수 있습니다
[04:38.940] 야 이게"
