candidate_id,pair_id,channel_name,longform_id,long_video_url,short_video_id,short_video_url,start_sec,end_sec,duration_sec,start_time,end_time,short_duration_sec,long_duration_sec,performance_label,percentile_bucket,channel_performance_percentile,short_views,alignment_status,span_ratio,mean_match_score,coverage,evidence_provider,timestamp_method,timestamp_confidence,origin_link_source,subtitle_language,dataset_role_v2,split_lock_version
C_fb9d53c40ca373,MID001,BDNS,lFbfMG7vbyo,https://www.youtube.com/watch?v=lFbfMG7vbyo,deaqIYxGIuY,https://www.youtube.com/shorts/deaqIYxGIuY,455.58,503.96,48.38,07:35.580,08:23.960,50,981,mid,p20_40,29.7,111000,light_edit,0.968,81.96,0.9278,yt_dlp_transcript_fallback,gemini_short_transcript_and_subtitle_alignment,medium,comment,ko-orig,mid_percentile_expansion,mid_percentile_2026_07_27
C_6cf2a108cf394e,MID002,BDNS,YwwjT_-xxR0,https://www.youtube.com/watch?v=YwwjT_-xxR0,wouDQTllpfs,https://www.youtube.com/shorts/wouDQTllpfs,749.32,815.399,66.079,12:29.320,13:35.399,59,17225,mid,p20_40,33.3,127000,continuous,1.12,75.71,1.0,yt_dlp_transcript_fallback,yt_dlp_subtitle_alignment,high,comment,ko-orig,mid_percentile_expansion,mid_percentile_2026_07_27
C_7cfa0a88337df6,MID003,BDNS,UR2D-8RTh4Q,https://www.youtube.com/watch?v=UR2D-8RTh4Q,Dn5VpQtfM2c,https://www.youtube.com/shorts/Dn5VpQtfM2c,304.979,346.5,41.521,05:04.979,05:46.500,58,1024,mid,p40_60,48.1,224000,continuous,0.716,91.49,1.0,yt_dlp_transcript_fallback,yt_dlp_subtitle_alignment,high,comment,ko-orig,mid_percentile_expansion,mid_percentile_2026_07_27
C_e8221b95e409a4,MID005,BDNS,Yrdo4y6C25s,https://www.youtube.com/watch?v=Yrdo4y6C25s,nHabKWtzJ44,https://www.youtube.com/shorts/nHabKWtzJ44,56.64,110.27,53.63,00:56.640,01:50.270,53,162,mid,p40_60,49.8,237000,light_edit,1.012,77.91,0.9437,yt_dlp_transcript_fallback,yt_dlp_subtitle_alignment,medium,comment,ko-orig,mid_percentile_expansion,mid_percentile_2026_07_27
C_690684f222062e,MID009,OOTB,0F_QvmClgOU,https://www.youtube.com/watch?v=0F_QvmClgOU,DnfJdOHTUeI,https://www.youtube.com/shorts/DnfJdOHTUeI,457.8,487.52,29.72,07:37.800,08:07.520,36,1222,mid,p20_40,30.1,71000,continuous,0.826,94.04,1.0,yt_dlp_transcript_fallback,yt_dlp_subtitle_alignment,high,comment,ko-orig,mid_percentile_expansion,mid_percentile_2026_07_27
C_3e9e111d2d2f87,MID010,OOTB,YhhGNP_4N4M,https://www.youtube.com/watch?v=YhhGNP_4N4M,UTynNRwKBlo,https://www.youtube.com/shorts/UTynNRwKBlo,933.899,985.279,51.38,15:33.899,16:25.279,59,1329,mid,p20_40,30.1,71000,light_edit,0.871,80.0,1.0,yt_dlp_transcript_fallback,yt_dlp_subtitle_alignment,medium,comment,ko-orig,mid_percentile_expansion,mid_percentile_2026_07_27
C_8745eb5a0719a3,MID011,OOTB,sbf2fQpuaVY,https://www.youtube.com/watch?v=sbf2fQpuaVY,mqJp57X-OJ4,https://www.youtube.com/shorts/mqJp57X-OJ4,46.92,88.619,41.699,00:46.920,01:28.619,51,226,mid,p40_60,50.1,223000,continuous,0.818,89.66,0.8219,yt_dlp_transcript_fallback,yt_dlp_subtitle_alignment,high,comment,ko-orig,mid_percentile_expansion,mid_percentile_2026_07_27
C_e1d06dcd792841,MID012,OOTB,RxGCmd9VqF4,https://www.youtube.com/watch?v=RxGCmd9VqF4,M5se-hCs8rE,https://www.youtube.com/shorts/M5se-hCs8rE,1101.059,1157.16,56.101,18:21.059,19:17.160,55,1300,mid,p60_80,70.1,786000,continuous,1.02,90.36,1.0,yt_dlp_transcript_fallback,yt_dlp_subtitle_alignment,high,comment,ko-orig,mid_percentile_expansion,mid_percentile_2026_07_27
C_efa86f1b807ef1,MID016,피식대학,qJytqE1G2ac,https://www.youtube.com/watch?v=qJytqE1G2ac,MQbXKXx4epI,https://www.youtube.com/shorts/MQbXKXx4epI,211.68,234.86,23.18,03:31.680,03:54.860,24,642,mid,p20_40,30.1,273000,continuous,0.966,95.3,1.0,yt_dlp_transcript_fallback,yt_dlp_subtitle_alignment,high,comment,ko-orig,mid_percentile_expansion,mid_percentile_2026_07_27
